coc_code,state_code,coc_number,coc_name,coc_total_population_zillow_2017,pit_count_from_2017_zillow_2017,estimated_homeless_rate_percent_zillow_2017,zri_as_percent_of_median_income_zillow_2017,percent_of_coc_living_in_extreme_poverty_zillow_2017,cluster_number_zillow_2017,cluster_location,cluster_description
ak-500,ak,500,anchorage coc,299535,1128,0.41,26.37108065,3.364520302,3,"west coast, east coast large metropolitan areas","high homeless rates, high housing costs"
ak-501,ak,501,alaska balance of state coc,440800,717,0.18,29.60240357,5.094646893,2,"New England, Florida, mountain west, central United States","intermediate homeless rates, average housing costs"
al-500,al,500,"birmingham/jefferson, st. clair, shelby counties coc",954826,1092,0.15,22.39477719,6.554373375,2,"New England, Florida, mountain west, central United States","intermediate homeless rates, average housing costs"
al-501,al,501,mobile city & county/baldwin county coc,618230,606,0.12,29.31496545,7.838241936,1,"midwest, mid-Atlantic, southeast","low homeless rates, modest housing costs"
al-502,al,502,florence/northwest alabama coc,265634,155,0.07,25.69390749,6.692297077,1,"midwest, mid-Atlantic, southeast","low homeless rates, modest housing costs"
al-503,al,503,huntsville/north alabama coc,564541,436,0.09,17.83381975,5.800077125,2,"New England, Florida, mountain west, central United States","intermediate homeless rates, average housing costs"
al-504,al,504,montgomery city & county coc,383488,377,0.12,21.93117131,8.281652283,1,"midwest, mid-Atlantic, southeast","low homeless rates, modest housing costs"
al-506,al,506,tuscaloosa city & county coc,204484,200,0.11,29.64857635,9.036973143,1,"midwest, mid-Atlantic, southeast","low homeless rates, modest housing costs"
al-507,al,507,alabama balance of state coc,1522513,764,0.06,27.98965492,9.844597714,1,"midwest, mid-Atlantic, southeast","low homeless rates, modest housing costs"
ar-500,ar,500,little rock/central arkansas coc,590603,1006,0.2,22.38157527,7.099412416,2,"New England, Florida, mountain west, central United States","intermediate homeless rates, average housing costs"
ar-501,ar,501,fayetteville/northwest arkansas coc,524887,330,0.07,26.93749156,6.11862485,1,"midwest, mid-Atlantic, southeast","low homeless rates, modest housing costs"
ar-503,ar,503,arkansas  balance of state  coc,859633,822,0.11,25.48055875,8.215102252,2,"New England, Florida, mountain west, central United States","intermediate homeless rates, average housing costs"
ar-505,ar,505,southeast arkansas,304531,88,0.03,26.47724102,10.71308422,5,"Southeast Arkansas, Houma-Terrebonne/Thibodaux (Louisiana), Central Tennessee","low homeless rates, high poverty rates"
ar-512,ar,512,"boone, baxter, marion, newton counties coc",102593,53,0.07,29.73777493,6.473834442,1,"midwest, mid-Atlantic, southeast","low homeless rates, modest housing costs"
az-500,az,500,arizona balance of state coc,1643134,1768,0.15,28.43544061,9.060185074,2,"New England, Florida, mountain west, central United States","intermediate homeless rates, average housing costs"
az-501,az,501,tucson/pima county coc,1008139,1574,0.2,26.64812061,8.44955281,2,"New England, Florida, mountain west, central United States","intermediate homeless rates, average housing costs"
az-502,az,502,phoenix/mesa/maricopa county regional coc,4163953,5605,0.17,26.68774769,7.829982105,2,"New England, Florida, mountain west, central United States","intermediate homeless rates, average housing costs"
ca-500,ca,500,san jose/santa clara city & county coc,1901963,7394,0.53,41.6583082,4.506882987,3,"west coast, east coast large metropolitan areas","high homeless rates, high housing costs"
ca-501,ca,501,san francisco coc,859801,6858,1.03,60.47998716,5.469914169,3,"west coast, east coast large metropolitan areas","high homeless rates, high housing costs"
ca-502,ca,502,oakland/alameda county coc,1625451,5629,0.43,44.72442552,5.403456005,3,"west coast, east coast large metropolitan areas","high homeless rates, high housing costs"
ca-503,ca,503,sacramento city & county coc,1492768,3665,0.3,30.87843149,7.760229751,2,"New England, Florida, mountain west, central United States","intermediate homeless rates, average housing costs"
ca-504,ca,504,santa rosa/petaluma/sonoma county coc,500474,2835,0.8,45.76195635,4.800930098,3,"west coast, east coast large metropolitan areas","high homeless rates, high housing costs"
ca-505,ca,505,richmond/contra costa county coc,1119782,1607,0.21,34.13996405,4.522207323,3,"west coast, east coast large metropolitan areas","high homeless rates, high housing costs"
ca-506,ca,506,"salinas/monterey, san benito counties coc",490506,3364,0.95,44.78298727,4.496449722,3,"west coast, east coast large metropolitan areas","high homeless rates, high housing costs"
ca-507,ca,507,marin county coc,260367,1117,0.53,47.11226484,3.263284712,6,"San Francisco Bay area, unique","high homeless rate, high, worsening housing costs"
ca-508,ca,508,watsonville/santa cruz city & county coc,272584,2249,1.16,53.87185793,6.667905907,3,"west coast, east coast large metropolitan areas","high homeless rates, high housing costs"
ca-509,ca,509,mendocino county coc,87274,1238,2.13,35.67677565,8.137398687,3,"west coast, east coast large metropolitan areas","high homeless rates, high housing costs"
ca-510,ca,510,turlock/modesto/stanislaus county coc,533755,1661,0.41,31.084874,6.911822273,2,"New England, Florida, mountain west, central United States","intermediate homeless rates, average housing costs"
ca-511,ca,511,stockton/san joaquin county coc,721166,1542,0.23,30.2169219,7.272696175,2,"New England, Florida, mountain west, central United States","intermediate homeless rates, average housing costs"
ca-512,ca,512,daly/san mateo county coc,760765,1253,0.22,46.71034814,3.413419036,2,"New England, Florida, mountain west, central United States","intermediate homeless rates, average housing costs"
ca-513,ca,513,"visalia, kings, tulare counties coc",607029,853,0.19,31.82448971,10.46691804,2,"New England, Florida, mountain west, central United States","intermediate homeless rates, average housing costs"
ca-514,ca,514,fresno/madera county coc,1123116,2016,0.24,31.51505282,12.00874392,2,"New England, Florida, mountain west, central United States","intermediate homeless rates, average housing costs"
ca-515,ca,515,"roseville/rocklin/placer, nevada counties coc",473570,979,0.26,30.48648351,4.565052068,2,"New England, Florida, mountain west, central United States","intermediate homeless rates, average housing costs"
ca-516,ca,516,"redding/shasta, siskiyou, lassen, plumas, del norte, modoc, sierra counties coc",311933,934,0.36,34.85884654,7.387059962,2,"New England, Florida, mountain west, central United States","intermediate homeless rates, average housing costs"
ca-517,ca,517,napa city & county coc,141351,315,0.27,43.93473827,2.743063422,2,"New England, Florida, mountain west, central United States","intermediate homeless rates, average housing costs"
ca-518,ca,518,vallejo/solano county coc,433439,1232,0.37,33.59853739,5.473796772,2,"New England, Florida, mountain west, central United States","intermediate homeless rates, average housing costs"
ca-519,ca,519,chico/paradise/butte county coc,225190,1195,0.68,32.11784766,9.344323699,3,"west coast, east coast large metropolitan areas","high homeless rates, high housing costs"
ca-520,ca,520,merced city & county coc,266117,454,0.24,29.29007817,10.66901155,2,"New England, Florida, mountain west, central United States","intermediate homeless rates, average housing costs"
ca-521,ca,521,davis/woodland/yolo county coc,212022,459,0.3,37.77858172,11.63376983,2,"New England, Florida, mountain west, central United States","intermediate homeless rates, average housing costs"
ca-522,ca,522,humboldt county coc,135330,759,0.83,40.11013827,8.717186133,3,"west coast, east coast large metropolitan areas","high homeless rates, high housing costs"
ca-523,ca,523,"colusa, glenn, trinity counties coc",62236,176,0.39,38.24135656,9.364537338,3,"west coast, east coast large metropolitan areas","high homeless rates, high housing costs"
ca-524,ca,524,yuba city & county/sutter county coc,169922,760,0.52,30.35115918,7.069500167,3,"west coast, east coast large metropolitan areas","high homeless rates, high housing costs"
ca-525,ca,525,el dorado county coc,183907,602,0.42,30.94147544,3.964924494,4,"El Dorado County CoC, unique","high homeless rates, modest housing costs, low poverty rates"
ca-526,ca,526,"amador, calaveras, tuolumne and mariposa counties coc",152888,367,0.37,33.95666828,6.271296484,3,"west coast, east coast large metropolitan areas","high homeless rates, high housing costs"
ca-600,ca,600,los angeles city & county coc,9264635,55188,0.79,49.03433681,7.061760368,3,"west coast, east coast large metropolitan areas","high homeless rates, high housing costs"
ca-601,ca,601,san diego city and county coc,3283616,9160,0.37,40.16249351,6.264942653,3,"west coast, east coast large metropolitan areas","high homeless rates, high housing costs"
ca-602,ca,602,santa ana/anaheim/orange county coc,3148353,4792,0.22,42.80087045,5.414774211,2,"New England, Florida, mountain west, central United States","intermediate homeless rates, average housing costs"
ca-603,ca,603,santa maria/santa barbara county coc,442940,1860,0.6,48.45005431,7.083200432,2,"New England, Florida, mountain west, central United States","intermediate homeless rates, average housing costs"
ca-604,ca,604,bakersfield/kern county coc,876938,810,0.13,27.65341009,9.099454235,2,"New England, Florida, mountain west, central United States","intermediate homeless rates, average housing costs"
ca-606,ca,606,long beach coc,474605,1863,0.51,49.84166598,8.62373953,3,"west coast, east coast large metropolitan areas","high homeless rates, high housing costs"
ca-607,ca,607,pasadena coc,137876,575,0.57,45.00281823,8.473201344,3,"west coast, east coast large metropolitan areas","high homeless rates, high housing costs"
ca-608,ca,608,riverside city & county coc,2349752,2406,0.14,34.57582725,6.566141967,2,"New England, Florida, mountain west, central United States","intermediate homeless rates, average housing costs"
ca-609,ca,609,san bernardino city & county coc,2118739,1866,0.12,32.99685925,8.274036638,1,"midwest, mid-Atlantic, southeast","low homeless rates, modest housing costs"
ca-611,ca,611,oxnard/san buenaventura/ventura county coc,845387,1152,0.2,37.60437097,3.622960382,2,"New England, Florida, mountain west, central United States","intermediate homeless rates, average housing costs"
ca-612,ca,612,glendale coc,198806,168,0.1,56.92721271,4.522477975,2,"New England, Florida, mountain west, central United States","intermediate homeless rates, average housing costs"
ca-613,ca,613,imperial county coc,179408,1154,0.89,32.45662714,8.916810394,2,"New England, Florida, mountain west, central United States","intermediate homeless rates, average housing costs"
ca-614,ca,614,san luis obispo county coc,280843,1125,0.67,44.02321972,7.511970193,3,"west coast, east coast large metropolitan areas","high homeless rates, high housing costs"
co-500,co,500,colorado balance of state coc,1702773,4019,0.36,32.24895476,6.140418685,2,"New England, Florida, mountain west, central United States","intermediate homeless rates, average housing costs"
co-503,co,503,metropolitan denver homeless initiative,3049220,5506,0.2,34.28620079,4.738304963,2,"New England, Florida, mountain west, central United States","intermediate homeless rates, average housing costs"
co-504,co,504,colorado springs/el paso county coc,675318,1415,0.26,24.7572882,4.45967707,2,"New England, Florida, mountain west, central United States","intermediate homeless rates, average housing costs"
ct-503,ct,503,bridgeport/norwalk /stamford/fairfield county coc,858949,778,0.1,27.26145132,3.900098177,2,"New England, Florida, mountain west, central United States","intermediate homeless rates, average housing costs"
ct-505,ct,505,connecticut balance of state coc,2730533,2610,0.11,27.31337034,5.019192652,2,"New England, Florida, mountain west, central United States","intermediate homeless rates, average housing costs"
dc-500,dc,500,district of columbia coc,670534,7473,1.2,38.39843507,9.857367169,3,"west coast, east coast large metropolitan areas","high homeless rates, high housing costs"
de-500,de,500,delaware statewide coc,942936,994,0.11,26.70347338,5.644047028,2,"New England, Florida, mountain west, central United States","intermediate homeless rates, average housing costs"
fl-500,fl,500,"sarasota/bradenton/manatee, sarasota counties coc",767077,1447,0.28,35.78828745,5.174078771,2,"New England, Florida, mountain west, central United States","intermediate homeless rates, average housing costs"
fl-501,fl,501,tampa/hillsborough county coc,1343234,1549,0.18,29.08732201,6.737518068,2,"New England, Florida, mountain west, central United States","intermediate homeless rates, average housing costs"
fl-502,fl,502,st. petersburg/clearwater/largo/pinellas county coc,947619,2831,0.41,33.28978238,6.909468342,3,"west coast, east coast large metropolitan areas","high homeless rates, high housing costs"
fl-503,fl,503,lakeland/winter haven/polk county coc,648706,512,0.1,30.41019731,7.292854105,2,"New England, Florida, mountain west, central United States","intermediate homeless rates, average housing costs"
fl-504,fl,504,"daytona beach/daytona/volusia, flagler counties coc",622944,753,0.17,34.09781605,6.962274571,3,"west coast, east coast large metropolitan areas","high homeless rates, high housing costs"
fl-505,fl,505,"fort walton beach/okaloosa, walton counties coc",262928,401,0.23,29.91709242,5.815777926,3,"west coast, east coast large metropolitan areas","high homeless rates, high housing costs"
fl-506,fl,506,tallahassee/leon county coc,438911,1072,0.27,27.73649772,11.14167996,2,"New England, Florida, mountain west, central United States","intermediate homeless rates, average housing costs"
fl-507,fl,507,"orlando/orange, osceola, seminole counties coc",2054589,2074,0.13,31.15992052,6.992075136,2,"New England, Florida, mountain west, central United States","intermediate homeless rates, average housing costs"
fl-508,fl,508,"gainesville/alachua, putnam counties coc",414138,819,0.29,31.75824475,12.59032136,2,"New England, Florida, mountain west, central United States","intermediate homeless rates, average housing costs"
fl-509,fl,509,"fort pierce/st. lucie, indian river, martin counties coc",601682,1732,0.47,35.54859521,6.095245682,3,"west coast, east coast large metropolitan areas","high homeless rates, high housing costs"
fl-510,fl,510,"jacksonville-duval, clay counties coc",1192876,1869,0.19,26.80642755,6.636904062,2,"New England, Florida, mountain west, central United States","intermediate homeless rates, average housing costs"
fl-511,fl,511,pensacola/escambia/santa rosa county coc,479606,758,0.21,25.59627036,5.733995999,2,"New England, Florida, mountain west, central United States","intermediate homeless rates, average housing costs"
fl-512,fl,512,saint johns county coc,226229,445,0.31,27.52983195,4.114820327,3,"west coast, east coast large metropolitan areas","high homeless rates, high housing costs"
fl-513,fl,513,palm bay/melbourne/brevard county coc,567775,845,0.17,31.18208505,5.510741766,2,"New England, Florida, mountain west, central United States","intermediate homeless rates, average housing costs"
fl-514,fl,514,ocala/marion county coc,343871,725,0.26,29.81851677,8.456455637,2,"New England, Florida, mountain west, central United States","intermediate homeless rates, average housing costs"
fl-515,fl,515,"panama city/bay, jackson counties coc",304441,336,0.13,31.77096342,7.53484168,1,"midwest, mid-Atlantic, southeast","low homeless rates, modest housing costs"
fl-517,fl,517,"hendry, hardee, highlands counties coc",253385,609,0.41,41.00323093,10.37309745,3,"west coast, east coast large metropolitan areas","high homeless rates, high housing costs"
fl-518,fl,518,"columbia, hamilton, lafayette, suwannee counties coc",135313,502,0.6,30.14220913,8.33518291,3,"west coast, east coast large metropolitan areas","high homeless rates, high housing costs"
fl-519,fl,519,pasco county coc,497332,2593,0.72,28.50454098,5.475306557,3,"west coast, east coast large metropolitan areas","high homeless rates, high housing costs"
fl-520,fl,520,"citrus, hernando, lake, sumter counties coc",763325,635,0.12,33.0482558,5.610845729,2,"New England, Florida, mountain west, central United States","intermediate homeless rates, average housing costs"
fl-600,fl,600,miami/dade county coc,2689794,3721,0.16,48.46016176,7.557531555,2,"New England, Florida, mountain west, central United States","intermediate homeless rates, average housing costs"
fl-601,fl,601,ft lauderdale/broward county coc,1884408,2450,0.15,35.64054773,6.32197121,2,"New England, Florida, mountain west, central United States","intermediate homeless rates, average housing costs"
fl-602,fl,602,punta gorda/charlotte county coc,173501,222,0.17,45.96173287,5.145140039,3,"west coast, east coast large metropolitan areas","high homeless rates, high housing costs"
fl-603,fl,603,ft myers/cape coral/lee county coc,698265,431,0.08,37.98197458,7.233233744,1,"midwest, mid-Atlantic, southeast","low homeless rates, modest housing costs"
fl-604,fl,604,monroe county coc,78399,631,1.15,62.8533853,6.97881886,3,"west coast, east coast large metropolitan areas","high homeless rates, high housing costs"
fl-605,fl,605,west palm beach/palm beach county coc,1418708,1607,0.16,35.76477993,5.633776016,2,"New England, Florida, mountain west, central United States","intermediate homeless rates, average housing costs"
fl-606,fl,606,naples/collier county coc,355381,621,0.19,54.04498034,4.601607247,2,"New England, Florida, mountain west, central United States","intermediate homeless rates, average housing costs"
ga-500,ga,500,atlanta continuum of care,460412,3572,0.93,34.04247831,12.35486841,3,"west coast, east coast large metropolitan areas","high homeless rates, high housing costs"
ga-501,ga,501,georgia balance of state coc,6905893,3716,0.08,26.8433738,7.659464704,2,"New England, Florida, mountain west, central United States","intermediate homeless rates, average housing costs"
ga-503,ga,503,athens/clarke county coc,123169,239,0.24,43.32362785,17.96612163,2,"New England, Florida, mountain west, central United States","intermediate homeless rates, average housing costs"
ga-504,ga,504,augusta coc,201545,246,0.14,25.00445817,13.32364588,2,"New England, Florida, mountain west, central United States","intermediate homeless rates, average housing costs"
ga-505,ga,505,columbus-muscogee/russell county coc,259291,319,0.16,22.18518816,9.503736825,2,"New England, Florida, mountain west, central United States","intermediate homeless rates, average housing costs"
ga-506,ga,506,marietta/cobb county coc,737643,403,0.06,24.75433756,5.273060223,1,"midwest, mid-Atlantic, southeast","low homeless rates, modest housing costs"
ga-507,ga,507,savannah/chatham county coc,285936,926,0.42,27.44716022,7.564635198,3,"west coast, east coast large metropolitan areas","high homeless rates, high housing costs"
hi-500,hi,500,hawaii balance of state coc,431130,2261,0.7,46.73185272,6.084549003,3,"west coast, east coast large metropolitan areas","high homeless rates, high housing costs"
hi-501,hi,501,honolulu coc,989820,4959,0.6,37.34263459,4.515781836,3,"west coast, east coast large metropolitan areas","high homeless rates, high housing costs"
ia-500,ia,500,"sioux city/dakota, woodbury counties coc",122918,288,0.25,24.10978709,6.181689722,2,"New England, Florida, mountain west, central United States","intermediate homeless rates, average housing costs"
ia-501,ia,501,iowa balance of state coc,2442251,1792,0.08,23.55983298,5.511019025,1,"midwest, mid-Atlantic, southeast","low homeless rates, modest housing costs"
ia-502,ia,502,des moines/polk county coc,481896,676,0.15,24.11390289,5.31241023,2,"New England, Florida, mountain west, central United States","intermediate homeless rates, average housing costs"
id-500,id,500,boise/ada county coc,434095,833,0.21,25.81900612,5.669356086,2,"New England, Florida, mountain west, central United States","intermediate homeless rates, average housing costs"
id-501,id,501,idaho balance of state,1220324,1204,0.12,26.65722059,6.13559138,2,"New England, Florida, mountain west, central United States","intermediate homeless rates, average housing costs"
il-500,il,500,mchenry county coc,300660,155,0.06,24.24567227,3.110049997,1,"midwest, mid-Atlantic, southeast","low homeless rates, modest housing costs"
il-501,il,501,"rockford/winnebago, boone counties coc",340814,291,0.1,25.72950781,6.476449653,2,"New England, Florida, mountain west, central United States","intermediate homeless rates, average housing costs"
il-502,il,502,waukegan/north chicago/lake county coc,729261,228,0.04,24.7208268,3.684215971,1,"midwest, mid-Atlantic, southeast","low homeless rates, modest housing costs"
il-503,il,503,champaign/urbana/rantoul/champaign county coc,207074,160,0.08,25.90588768,12.90126261,1,"midwest, mid-Atlantic, southeast","low homeless rates, modest housing costs"
il-504,il,504,madison county coc,266162,176,0.08,20.6000785,6.164215564,1,"midwest, mid-Atlantic, southeast","low homeless rates, modest housing costs"
il-506,il,506,joliet/bolingbrook/will county coc,803325,282,0.04,24.42981895,3.22599177,1,"midwest, mid-Atlantic, southeast","low homeless rates, modest housing costs"
il-507,il,507,"peoria/perkin/fulton, peoria, tazewell, woodford coc",396538,329,0.09,23.69293562,5.892733431,1,"midwest, mid-Atlantic, southeast","low homeless rates, modest housing costs"
il-508,il,508,east saint louis/belleville/saint clair county coc,271982,300,0.15,19.25346099,8.177298656,2,"New England, Florida, mountain west, central United States","intermediate homeless rates, average housing costs"
il-509,il,509,dekalb city & county coc,104571,90,0.11,28.10447106,10.084088210000001,2,"New England, Florida, mountain west, central United States","intermediate homeless rates, average housing costs"
il-510,il,510,chicago coc,2712975,5657,0.23,36.20452825,9.493608856,2,"New England, Florida, mountain west, central United States","intermediate homeless rates, average housing costs"
il-511,il,511,cook county coc,2494027,780,0.04,28.56444607,5.131522239,1,"midwest, mid-Atlantic, southeast","low homeless rates, modest housing costs"
il-512,il,512,bloomington/central illinois coc,530800,433,0.1,25.14458208,7.202851338,2,"New England, Florida, mountain west, central United States","intermediate homeless rates, average housing costs"
il-513,il,513,springfield/sangamon county coc,198262,230,0.12,28.3567829,6.016317529,2,"New England, Florida, mountain west, central United States","intermediate homeless rates, average housing costs"
il-514,il,514,dupage county coc,917503,331,0.04,26.88343573,3.124216249,1,"midwest, mid-Atlantic, southeast","low homeless rates, modest housing costs"
il-515,il,515,south central illinois coc,401555,108,0.03,29.56672425,6.203334393,1,"midwest, mid-Atlantic, southeast","low homeless rates, modest housing costs"
il-516,il,516,decatur/macon county coc,107615,130,0.15,23.9073676,8.944492013,2,"New England, Florida, mountain west, central United States","intermediate homeless rates, average housing costs"
il-517,il,517,aurora/elgin/kane county coc,589685,360,0.07,26.2532498,4.115127918,1,"midwest, mid-Atlantic, southeast","low homeless rates, modest housing costs"
il-518,il,518,rock island/moline/northwestern illinois coc,656316,243,0.04,26.3132116,5.822515503,1,"midwest, mid-Atlantic, southeast","low homeless rates, modest housing costs"
il-519,il,519,west central illinois coc,223572,80,0.04,30.06047424,6.42434386,1,"midwest, mid-Atlantic, southeast","low homeless rates, modest housing costs"
il-520,il,520,southern illinois coc,576910,435,0.08,30.0822938,7.118179359,1,"midwest, mid-Atlantic, southeast","low homeless rates, modest housing costs"
in-502,in,502,indiana balance of state coc,5672562,3655,0.07,23.07329144,6.070700229,1,"midwest, mid-Atlantic, southeast","low homeless rates, modest housing costs"
in-503,in,503,indianapolis coc,937949,1783,0.21,27.20013103,9.334647595,2,"New England, Florida, mountain west, central United States","intermediate homeless rates, average housing costs"
ks-502,ks,502,wichita/sedgwick county coc,509913,575,0.12,22.91395334,6.726298535,1,"midwest, mid-Atlantic, southeast","low homeless rates, modest housing costs"
ks-503,ks,503,topeka/shawnee county coc,178342,356,0.22,21.92308734,4.802472812,2,"New England, Florida, mountain west, central United States","intermediate homeless rates, average housing costs"
ks-505,ks,505,overland park/shawnee/johnson county coc,578042,130,0.03,23.61670921,2.718099195,1,"midwest, mid-Atlantic, southeast","low homeless rates, modest housing costs"
ks-507,ks,507,kansas balance of state coc,1474552,1037,0.08,20.99027809,5.802250275,1,"midwest, mid-Atlantic, southeast","low homeless rates, modest housing costs"
ky-500,ky,500,kentucky balance of state coc,3348234,1940,0.07,25.65327543,8.046736833,1,"midwest, mid-Atlantic, southeast","low homeless rates, modest housing costs"
ky-501,ky,501,louisville/jefferson county coc,763639,1034,0.15,25.67320821,6.90491177,2,"New England, Florida, mountain west, central United States","intermediate homeless rates, average housing costs"
ky-502,ky,502,lexington/fayette county coc,314752,1051,0.37,27.06845663,8.86058655,3,"west coast, east coast large metropolitan areas","high homeless rates, high housing costs"
la-500,la,500,lafayette/acadiana coc,658150,357,0.07,31.56242875,8.591750182,1,"midwest, mid-Atlantic, southeast","low homeless rates, modest housing costs"
la-502,la,502,shreveport/bossier/northwest coc,483539,349,0.08,29.3188505,9.955041617,2,"New England, Florida, mountain west, central United States","intermediate homeless rates, average housing costs"
la-503,la,503,new orleans/jefferson parish coc,824422,1301,0.24,35.97011585,9.403421372,3,"west coast, east coast large metropolitan areas","high homeless rates, high housing costs"
la-505,la,505,monroe/northeast louisiana coc,355418,185,0.06,35.25618045,11.92634321,1,"midwest, mid-Atlantic, southeast","low homeless rates, modest housing costs"
la-506,la,506,slidell/southeast louisiana coc,573011,248,0.06,28.76408704,6.460060505,1,"midwest, mid-Atlantic, southeast","low homeless rates, modest housing costs"
la-507,la,507,alexandria/central louisiana coc,307404,159,0.06,33.31088453,7.867204071,1,"midwest, mid-Atlantic, southeast","low homeless rates, modest housing costs"
la-508,la,508,houma-terrebonne/thibodaux coc,352151,116,0.04,27.04724539,7.618677072,5,"Southeast Arkansas, Houma-Terrebonne/Thibodaux (Louisiana), Central Tennessee","low homeless rates, high poverty rates"
la-509,la,509,louisiana balance of state (bos),1111992,590,0.07,30.87073608,8.431976173,1,"midwest, mid-Atlantic, southeast","low homeless rates, modest housing costs"
ma-500,ma,500,boston coc,666277,6135,0.99,48.83588153,10.97714805,3,"west coast, east coast large metropolitan areas","high homeless rates, high housing costs"
ma-502,ma,502,lynn coc,92522,582,0.67,42.62024641,8.790786181,3,"west coast, east coast large metropolitan areas","high homeless rates, high housing costs"
ma-503,ma,503,cape cod/islands coc,242698,324,0.17,37.06170716,3.177734097,2,"New England, Florida, mountain west, central United States","intermediate homeless rates, average housing costs"
ma-504,ma,504,springfield coc,468103,2311,0.52,34.57016321,7.848518191,3,"west coast, east coast large metropolitan areas","high homeless rates, high housing costs"
ma-505,ma,505,new bedford coc,95067,352,0.41,42.94119277,10.29624057,3,"west coast, east coast large metropolitan areas","high homeless rates, high housing costs"
ma-506,ma,506,worcester city & county coc,816243,1507,0.2,26.46242895,4.890686479,2,"New England, Florida, mountain west, central United States","intermediate homeless rates, average housing costs"
ma-507,ma,507,pittsfield/berkshire county coc,359837,557,0.18,35.77372768,6.070949888,2,"New England, Florida, mountain west, central United States","intermediate homeless rates, average housing costs"
ma-508,ma,508,lowell coc,110393,658,0.65,54.65200403,12.03819596,3,"west coast, east coast large metropolitan areas","high homeless rates, high housing costs"
ma-509,ma,509,cambridge coc,109598,530,0.53,37.68281509,7.762701923,3,"west coast, east coast large metropolitan areas","high homeless rates, high housing costs"
ma-510,ma,510,gloucester/haverhill/salem/essex county coc,602483,747,0.14,30.53585254,3.621262697,2,"New England, Florida, mountain west, central United States","intermediate homeless rates, average housing costs"
ma-511,ma,511,quincy/brockton/weymouth/plymouth city and county coc,659052,1109,0.18,33.98232376,3.856389366,2,"New England, Florida, mountain west, central United States","intermediate homeless rates, average housing costs"
ma-515,ma,515,fall river coc,89077,297,0.36,49.7428458,8.172558621,2,"New England, Florida, mountain west, central United States","intermediate homeless rates, average housing costs"
ma-516,ma,516,massachusetts balance of state,1076446,2080,0.21,33.10199623,4.249482192,2,"New England, Florida, mountain west, central United States","intermediate homeless rates, average housing costs"
ma-517,ma,517,somerville coc,125107,142,0.12,34.35984654,4.97993298,2,"New England, Florida, mountain west, central United States","intermediate homeless rates, average housing costs"
ma-519,ma,519,attleboro/taunton/bristol county coc,372829,234,0.07,29.31886296,3.364903041,1,"midwest, mid-Atlantic, southeast","low homeless rates, modest housing costs"
md-500,md,500,cumberland/allegany county coc,72571,118,0.18,32.71873047,7.137919338,2,"New England, Florida, mountain west, central United States","intermediate homeless rates, average housing costs"
md-501,md,501,baltimore city coc,619546,2669,0.52,33.75526442,10.95961889,3,"west coast, east coast large metropolitan areas","high homeless rates, high housing costs"
md-502,md,502,harford county coc,250586,189,0.09,24.60941719,3.762902843,1,"midwest, mid-Atlantic, southeast","low homeless rates, modest housing costs"
md-503,md,503,annapolis/anne arundel county coc,564194,376,0.08,25.71134018,3.166818351,1,"midwest, mid-Atlantic, southeast","low homeless rates, modest housing costs"
md-504,md,504,howard county coc,312779,168,0.07,24.28527486,2.45291037,1,"midwest, mid-Atlantic, southeast","low homeless rates, modest housing costs"
md-505,md,505,baltimore county coc,828373,609,0.09,27.59476843,4.506375383,2,"New England, Florida, mountain west, central United States","intermediate homeless rates, average housing costs"
md-506,md,506,carroll county coc,167626,147,0.1,24.4695304,2.558517004,1,"midwest, mid-Atlantic, southeast","low homeless rates, modest housing costs"
md-507,md,507,cecil county coc,102390,193,0.21,24.87196319,4.662096068,2,"New England, Florida, mountain west, central United States","intermediate homeless rates, average housing costs"
md-508,md,508,"charles, calvert, st.mary's counties coc",358636,419,0.18,23.56161736,3.564107948,3,"west coast, east coast large metropolitan areas","high homeless rates, high housing costs"
md-509,md,509,frederick city & county coc,245557,309,0.14,23.52510371,3.159022726,2,"New England, Florida, mountain west, central United States","intermediate homeless rates, average housing costs"
md-510,md,510,garrett county coc,29541,10,0.06,31.39200386,4.590172191,1,"midwest, mid-Atlantic, southeast","low homeless rates, modest housing costs"
md-511,md,511,mid-shore regional coc,171089,153,0.1,27.79316002,6.130377104,1,"midwest, mid-Atlantic, southeast","low homeless rates, modest housing costs"
md-512,md,512,hagerstown/washington county coc,149872,208,0.16,26.74209942,5.886216527,2,"New England, Florida, mountain west, central United States","intermediate homeless rates, average housing costs"
md-513,md,513,wicomico/somerset/worcester county coc,179053,260,0.17,28.23893753,7.613667009,2,"New England, Florida, mountain west, central United States","intermediate homeless rates, average housing costs"
md-600,md,600,prince george`s county/maryland coc,902570,525,0.07,28.14365826,4.335083881,1,"midwest, mid-Atlantic, southeast","low homeless rates, modest housing costs"
md-601,md,601,montgomery county coc,1034883,894,0.1,25.11016776,3.285442167,1,"midwest, mid-Atlantic, southeast","low homeless rates, modest housing costs"
me-500,me,500,maine balance of state coc,1330746,2280,0.18,31.23229304,5.014276627,2,"New England, Florida, mountain west, central United States","intermediate homeless rates, average housing costs"
mi-500,mi,500,michigan balance of state coc,2358534,1465,0.08,24.97590778,7.035276498,1,"midwest, mid-Atlantic, southeast","low homeless rates, modest housing costs"
mi-501,mi,501,detroit coc,676812,2078,0.34,31.716997,18.57121548,2,"New England, Florida, mountain west, central United States","intermediate homeless rates, average housing costs"
mi-502,mi,502,dearborn/dearborn heights/westland/wayne county coc,1079405,226,0.02,21.2235946,6.544585424,1,"midwest, mid-Atlantic, southeast","low homeless rates, modest housing costs"
mi-503,mi,503,st. clair shores/warren/macomb county coc,864717,354,0.06,24.70253923,4.568640439,1,"midwest, mid-Atlantic, southeast","low homeless rates, modest housing costs"
mi-504,mi,504,pontiac/royal oak/oakland county coc,1240927,412,0.04,26.07611553,3.863163188,1,"midwest, mid-Atlantic, southeast","low homeless rates, modest housing costs"
mi-505,mi,505,flint/genesee county coc,410306,420,0.12,20.09757643,9.662241512,1,"midwest, mid-Atlantic, southeast","low homeless rates, modest housing costs"
mi-506,mi,506,grand rapids/wyoming/kent county coc,636114,912,0.15,27.66281564,6.362956437,1,"midwest, mid-Atlantic, southeast","low homeless rates, modest housing costs"
mi-507,mi,507,portage/kalamazoo city & county coc,260458,479,0.2,27.79878333,7.687246194,2,"New England, Florida, mountain west, central United States","intermediate homeless rates, average housing costs"
mi-508,mi,508,lansing/east lansing/ingham county coc,287438,435,0.18,23.81811797,11.06137862,2,"New England, Florida, mountain west, central United States","intermediate homeless rates, average housing costs"
mi-509,mi,509,ann arbor/washtenaw county coc,362072,302,0.09,28.67136623,8.244503297,1,"midwest, mid-Atlantic, southeast","low homeless rates, modest housing costs"
mi-510,mi,510,saginaw city & county coc,193923,388,0.22,22.78170854,7.414764653,2,"New England, Florida, mountain west, central United States","intermediate homeless rates, average housing costs"
mi-511,mi,511,lenawee county coc,98444,128,0.14,25.63751997,4.714400732,2,"New England, Florida, mountain west, central United States","intermediate homeless rates, average housing costs"
mi-512,mi,512,"grand traverse, antrim, leelanau counties coc",171217,228,0.15,28.25369964,3.925900189,2,"New England, Florida, mountain west, central United States","intermediate homeless rates, average housing costs"
mi-513,mi,513,"marquette, alger counties coc",76570,84,0.12,28.59356408,7.742465054,1,"midwest, mid-Atlantic, southeast","low homeless rates, modest housing costs"
mi-514,mi,514,battle creek/calhoun county coc,134592,204,0.18,24.76344146,6.547636533,2,"New England, Florida, mountain west, central United States","intermediate homeless rates, average housing costs"
mi-515,mi,515,monroe city & county coc,149454,193,0.13,23.38757343,4.438696802,1,"midwest, mid-Atlantic, southeast","low homeless rates, modest housing costs"
mi-516,mi,516,norton shores/muskegon city & county coc,172813,135,0.11,25.64768523,8.303045642,2,"New England, Florida, mountain west, central United States","intermediate homeless rates, average housing costs"
mi-517,mi,517,jackson city & county coc,159207,140,0.1,23.70066885,7.291277421,2,"New England, Florida, mountain west, central United States","intermediate homeless rates, average housing costs"
mi-518,mi,518,livingston county coc,187091,103,0.06,23.80015726,2.466524681,1,"midwest, mid-Atlantic, southeast","low homeless rates, modest housing costs"
mi-519,mi,519,holland/ottawa county coc,287039,258,0.1,26.53054915,4.570252562,1,"midwest, mid-Atlantic, southeast","low homeless rates, modest housing costs"
mi-523,mi,523,eaton county coc,108747,107,0.11,29.2602693,5.611117374,2,"New England, Florida, mountain west, central United States","intermediate homeless rates, average housing costs"
mn-500,mn,500,minneapolis/hennepin county coc,1220754,3057,0.27,26.8373861,5.227691399,2,"New England, Florida, mountain west, central United States","intermediate homeless rates, average housing costs"
mn-501,mn,501,saint paul/ramsey county coc,535645,1438,0.29,30.27210061,6.204211779,2,"New England, Florida, mountain west, central United States","intermediate homeless rates, average housing costs"
mn-502,mn,502,rochester/southeast minnesota coc,717982,552,0.08,26.46835714,4.74601917,1,"midwest, mid-Atlantic, southeast","low homeless rates, modest housing costs"
mn-503,mn,503,"dakota, anoka, washington, scott, carver counties",1264398,544,0.05,22.76077373,2.7589107410000002,1,"midwest, mid-Atlantic, southeast","low homeless rates, modest housing costs"
mn-504,mn,504,northeast minnesota coc,125218,99,0.11,29.93534857,5.335004625,2,"New England, Florida, mountain west, central United States","intermediate homeless rates, average housing costs"
mn-505,mn,505,st. cloud/central minnesota coc,730221,862,0.13,25.39011867,4.239262576,1,"midwest, mid-Atlantic, southeast","low homeless rates, modest housing costs"
mn-506,mn,506,northwest minnesota coc,170369,288,0.21,29.69201617,5.097713074,2,"New England, Florida, mountain west, central United States","intermediate homeless rates, average housing costs"
mn-508,mn,508,moorhead/west central minnesota coc,240746,215,0.11,28.03225323,4.276990329,1,"midwest, mid-Atlantic, southeast","low homeless rates, modest housing costs"
mn-509,mn,509,duluth/st.louis county coc,200200,505,0.29,27.29295605,6.83605562,2,"New England, Florida, mountain west, central United States","intermediate homeless rates, average housing costs"
mn-511,mn,511,southwest minnesota coc,277032,108,0.05,26.43031869,4.072415011,1,"midwest, mid-Atlantic, southeast","low homeless rates, modest housing costs"
mo-500,mo,500,st. louis county coc,999793,462,0.06,21.14048324,4.195119583,1,"midwest, mid-Atlantic, southeast","low homeless rates, modest housing costs"
mo-501,mo,501,st.louis city coc,314210,1336,0.47,28.10350687,13.54113857,3,"west coast, east coast large metropolitan areas","high homeless rates, high housing costs"
mo-503,mo,503,"st. charles, lincoln, warren counties coc",473166,578,0.15,22.87861228,3.777189017,2,"New England, Florida, mountain west, central United States","intermediate homeless rates, average housing costs"
mo-600,mo,600,"springfield/greene, christian, webster counties coc",408354,455,0.13,20.90723106,7.516569795,2,"New England, Florida, mountain west, central United States","intermediate homeless rates, average housing costs"
mo-602,mo,602,"joplin/jasper, newton counties coc",176273,270,0.17,22.18636086,6.652386638,2,"New England, Florida, mountain west, central United States","intermediate homeless rates, average housing costs"
mo-603,mo,603,"st. joseph/andrew, buchanan, dekalb counties coc",119265,210,0.19,22.86674729,7.839041374,2,"New England, Florida, mountain west, central United States","intermediate homeless rates, average housing costs"
mo-604,mo,604,"kansas city, independence, lees summit/jackson, wyandotte counties, mo & ks",1007389,1671,0.18,23.20117489,7.394329958,2,"New England, Florida, mountain west, central United States","intermediate homeless rates, average housing costs"
mo-606,mo,606,missouri balance of state coc,2738152,1244,0.06,23.81937446,6.912668869,1,"midwest, mid-Atlantic, southeast","low homeless rates, modest housing costs"
ms-500,ms,500,"jackson/rankin, madison counties coc",572084,511,0.12,28.9433116,8.979263263,2,"New England, Florida, mountain west, central United States","intermediate homeless rates, average housing costs"
ms-501,ms,501,mississippi balance of state coc,1933222,697,0.05,31.1221041,10.59048925,1,"midwest, mid-Atlantic, southeast","low homeless rates, modest housing costs"
ms-503,ms,503,gulf port/gulf coast regional coc,484997,264,0.09,25.83056095,8.729782082,2,"New England, Florida, mountain west, central United States","intermediate homeless rates, average housing costs"
mt-500,mt,500,montana statewide coc,1032083,1529,0.17,30.03066383,6.326224477,2,"New England, Florida, mountain west, central United States","intermediate homeless rates, average housing costs"
nc-500,nc,500,winston salem/forsyth county coc,367698,453,0.14,26.64038046,9.061019069,2,"New England, Florida, mountain west, central United States","intermediate homeless rates, average housing costs"
nc-501,nc,501,asheville/buncombe county coc,252888,562,0.24,34.5254864,4.963517326,2,"New England, Florida, mountain west, central United States","intermediate homeless rates, average housing costs"
nc-502,nc,502,durham city & county coc,300419,354,0.13,27.48591536,8.084894115,2,"New England, Florida, mountain west, central United States","intermediate homeless rates, average housing costs"
nc-503,nc,503,north carolina balance of state coc,5075411,3054,0.07,26.49442357,7.438982548,1,"midwest, mid-Atlantic, southeast","low homeless rates, modest housing costs"
nc-504,nc,504,greensboro/high point coc,516867,573,0.13,24.00447822,7.626316526,2,"New England, Florida, mountain west, central United States","intermediate homeless rates, average housing costs"
nc-505,nc,505,charlotte/mecklenberg coc,1033260,1476,0.17,24.44737973,6.064465263,2,"New England, Florida, mountain west, central United States","intermediate homeless rates, average housing costs"
nc-506,nc,506,"wilmington/brunswick, new hanover, pender counties coc",399727,322,0.09,27.94870716,7.980849034,1,"midwest, mid-Atlantic, southeast","low homeless rates, modest housing costs"
nc-507,nc,507,raleigh/wake county coc,1021133,884,0.1,23.49512847,4.214159621,2,"New England, Florida, mountain west, central United States","intermediate homeless rates, average housing costs"
nc-509,nc,509,"gastonia/cleveland, gaston, lincoln counties coc",390735,249,0.08,24.66132968,7.452054122,1,"midwest, mid-Atlantic, southeast","low homeless rates, modest housing costs"
nc-511,nc,511,fayetteville/cumberland county coc,327079,442,0.2,21.41921687,8.305915275,2,"New England, Florida, mountain west, central United States","intermediate homeless rates, average housing costs"
nc-513,nc,513,chapel hill/orange county coc,140970,127,0.1,32.5680979,6.823717469,1,"midwest, mid-Atlantic, southeast","low homeless rates, modest housing costs"
nc-516,nc,516,northwest north carolina coc,210136,466,0.32,38.60141228,9.48571091,3,"west coast, east coast large metropolitan areas","high homeless rates, high housing costs"
nd-500,nd,500,north dakota statewide coc,750684,1089,0.16,24.25536613,5.327380885,2,"New England, Florida, mountain west, central United States","intermediate homeless rates, average housing costs"
ne-500,ne,500,nebraska balance of state coc,894615,506,0.07,25.72471216,4.669422654,1,"midwest, mid-Atlantic, southeast","low homeless rates, modest housing costs"
ne-501,ne,501,omaha/council bluffs coc,817762,1389,0.18,23.87815695,4.814498776,2,"New England, Florida, mountain west, central United States","intermediate homeless rates, average housing costs"
ne-502,ne,502,lincoln coc,253363,606,0.27,30.58493735,6.876491117,2,"New England, Florida, mountain west, central United States","intermediate homeless rates, average housing costs"
nh-500,nh,500,new hampshire balance of state coc,924881,767,0.09,26.68706104,3.356722928,1,"midwest, mid-Atlantic, southeast","low homeless rates, modest housing costs"
nh-501,nh,501,manchester coc,110323,394,0.41,33.92344437,5.338628069,2,"New England, Florida, mountain west, central United States","intermediate homeless rates, average housing costs"
nh-502,nh,502,nashua/hillsborough county coc,295601,295,0.11,26.78196911,2.787100574,1,"midwest, mid-Atlantic, southeast","low homeless rates, modest housing costs"
nj-500,nj,500,atlantic city & county coc,272676,422,0.18,32.99271677,6.379647736,2,"New England, Florida, mountain west, central United States","intermediate homeless rates, average housing costs"
nj-501,nj,501,bergen county coc,934290,302,0.04,30.54057391,3.728802022,1,"midwest, mid-Atlantic, southeast","low homeless rates, modest housing costs"
nj-502,nj,502,burlington county coc,449916,604,0.15,24.59187986,3.413605161,2,"New England, Florida, mountain west, central United States","intermediate homeless rates, average housing costs"
nj-503,nj,503,"camden city/camden, cumberland, gloucester, cape may counties coc",1052022,938,0.1,29.851786,5.818839889,2,"New England, Florida, mountain west, central United States","intermediate homeless rates, average housing costs"
nj-504,nj,504,newark/essex county coc,793563,2048,0.28,35.11655105,7.751885387,2,"New England, Florida, mountain west, central United States","intermediate homeless rates, average housing costs"
nj-506,nj,506,jersey city/bayonne/hudson county coc,674433,822,0.13,41.58247917,7.374692228,2,"New England, Florida, mountain west, central United States","intermediate homeless rates, average housing costs"
nj-507,nj,507,new brunswick/middlesex county coc,833404,546,0.07,29.14638272,4.348589562,1,"midwest, mid-Atlantic, southeast","low homeless rates, modest housing costs"
nj-508,nj,508,monmouth county coc,625879,299,0.05,28.23022331,3.506789277,1,"midwest, mid-Atlantic, southeast","low homeless rates, modest housing costs"
nj-509,nj,509,morris county coc,498238,378,0.09,27.99712843,2.111482855,1,"midwest, mid-Atlantic, southeast","low homeless rates, modest housing costs"
nj-510,nj,510,lakewood township/ocean county coc,588882,224,0.04,31.4769113,4.671482536,1,"midwest, mid-Atlantic, southeast","low homeless rates, modest housing costs"
nj-511,nj,511,paterson/passaic county coc,506834,449,0.1,33.65086983,7.183645183,2,"New England, Florida, mountain west, central United States","intermediate homeless rates, average housing costs"
nj-513,nj,513,somerset county coc,332768,244,0.08,26.21433273,2.211476123,1,"midwest, mid-Atlantic, southeast","low homeless rates, modest housing costs"
nj-514,nj,514,trenton/mercer county coc,371990,478,0.15,26.59057016,4.991230238,2,"New England, Florida, mountain west, central United States","intermediate homeless rates, average housing costs"
nj-515,nj,515,elizabeth/union county coc,552128,480,0.09,31.12975265,4.703553867,2,"New England, Florida, mountain west, central United States","intermediate homeless rates, average housing costs"
nj-516,nj,516,"warren, sussex, hunterdon counties coc",375588,286,0.08,23.20014036,2.630229266,1,"midwest, mid-Atlantic, southeast","low homeless rates, modest housing costs"
nm-500,nm,500,albuquerque coc,526332,1318,0.32,28.73317029,7.752482453,2,"New England, Florida, mountain west, central United States","intermediate homeless rates, average housing costs"
nm-501,nm,501,new mexico balance of state coc,1554889,1164,0.09,29.47021775,9.704550512,2,"New England, Florida, mountain west, central United States","intermediate homeless rates, average housing costs"
nv-500,nv,500,las vegas/clark county coc,2104734,6490,0.36,26.89159458,6.498764483,3,"west coast, east coast large metropolitan areas","high homeless rates, high housing costs"
nv-501,nv,501,reno/sparks/washoe county coc,444809,1106,0.29,29.90125035,6.854238557,2,"New England, Florida, mountain west, central United States","intermediate homeless rates, average housing costs"
nv-502,nv,502,nevada balance of state coc,330165,237,0.1,26.50833057,6.494546105,1,"midwest, mid-Atlantic, southeast","low homeless rates, modest housing costs"
ny-500,ny,500,rochester/irondequoit/greece/monroe county coc,749116,817,0.11,27.90001199,7.092604885,1,"midwest, mid-Atlantic, southeast","low homeless rates, modest housing costs"
ny-501,ny,501,"elmira/steuben, allegany, livingston, chemung, schuyler counties coc",314889,226,0.08,30.73243793,6.792152137,2,"New England, Florida, mountain west, central United States","intermediate homeless rates, average housing costs"
ny-503,ny,503,albany city & county coc,308319,802,0.28,31.24281046,6.378451715,2,"New England, Florida, mountain west, central United States","intermediate homeless rates, average housing costs"
ny-504,ny,504,cattaragus county coc,78050,34,0.06,33.45314726,5.885317096,1,"midwest, mid-Atlantic, southeast","low homeless rates, modest housing costs"
ny-505,ny,505,"syracuse, auburn/onondaga, oswego, cayuga counties coc",666032,798,0.13,28.06327847,7.430199371,2,"New England, Florida, mountain west, central United States","intermediate homeless rates, average housing costs"
ny-507,ny,507,schenectady city & county coc,154894,274,0.19,26.83851274,5.578507498,2,"New England, Florida, mountain west, central United States","intermediate homeless rates, average housing costs"
ny-508,ny,508,"buffalo, niagara falls/erie, niagara, orleans, genesee, wyoming counties coc",1272364,925,0.08,28.53442611,6.369764174,1,"midwest, mid-Atlantic, southeast","low homeless rates, modest housing costs"
ny-510,ny,510,ithaca/tompkins county coc,104681,73,0.08,37.51107253,13.37594801,1,"midwest, mid-Atlantic, southeast","low homeless rates, modest housing costs"
ny-511,ny,511,"binghamton, union/broome, otsego, chenango, delaware, cortland, tioga counties c",449792,308,0.07,32.18009334,6.596081047,1,"midwest, mid-Atlantic, southeast","low homeless rates, modest housing costs"
ny-512,ny,512,troy/rensselaer county coc,160018,194,0.14,24.7374979,5.890992969,2,"New England, Florida, mountain west, central United States","intermediate homeless rates, average housing costs"
ny-513,ny,513,"wayne, ontario, seneca, yates counties coc",260993,337,0.13,31.05246281,4.977558294,1,"midwest, mid-Atlantic, southeast","low homeless rates, modest housing costs"
ny-514,ny,514,jamestown/dunkirk/chautauqua county coc,130850,83,0.07,24.43816269,7.748371608,1,"midwest, mid-Atlantic, southeast","low homeless rates, modest housing costs"
ny-516,ny,516,clinton county coc,81325,126,0.17,35.48676668,8.420424601,2,"New England, Florida, mountain west, central United States","intermediate homeless rates, average housing costs"
ny-518,ny,518,"utica/rome/oneida, madison counties coc",306907,162,0.06,30.70027386,7.387104779,1,"midwest, mid-Atlantic, southeast","low homeless rates, modest housing costs"
ny-519,ny,519,columbia/greene county coc,109351,144,0.14,36.01416648,6.365247561,2,"New England, Florida, mountain west, central United States","intermediate homeless rates, average housing costs"
ny-520,ny,520,franklin county coc,89018,28,0.04,33.70154385,8.027696246,1,"midwest, mid-Atlantic, southeast","low homeless rates, modest housing costs"
ny-522,ny,522,jefferson/lewis/st. lawrence counties coc,255122,169,0.07,31.38050956,7.21204196,1,"midwest, mid-Atlantic, southeast","low homeless rates, modest housing costs"
ny-523,ny,523,"glens falls/saratoga springs/saratoga, washington, warren, hamilton counties coc",357590,247,0.08,30.91848197,3.07427929,1,"midwest, mid-Atlantic, southeast","low homeless rates, modest housing costs"
ny-600,ny,600,new york city coc,8497179,76501,0.96,48.19331852,8.622000266,3,"west coast, east coast large metropolitan areas","high homeless rates, high housing costs"
ny-601,ny,601,poughkeepsie/dutchess county coc,294882,388,0.14,31.97348338,3.993079068,2,"New England, Florida, mountain west, central United States","intermediate homeless rates, average housing costs"
ny-602,ny,602,newburgh/middletown/orange county coc,377100,350,0.11,29.80973897,5.361521478,2,"New England, Florida, mountain west, central United States","intermediate homeless rates, average housing costs"
ny-603,ny,603,"nassau, suffolk counties/babylon/islip/ huntington coc",2853877,3937,0.15,43.5335074,3.118816814,2,"New England, Florida, mountain west, central United States","intermediate homeless rates, average housing costs"
ny-604,ny,604,yonkers/mount vernon/new rochelle/westchester coc,974393,1832,0.2,41.86891454,4.730087879,2,"New England, Florida, mountain west, central United States","intermediate homeless rates, average housing costs"
ny-606,ny,606,rockland county coc,324596,170,0.06,39.06466725,7.340292611,1,"midwest, mid-Atlantic, southeast","low homeless rates, modest housing costs"
ny-607,ny,607,sullivan county coc,75306,167,0.24,32.31401337,6.362326583,2,"New England, Florida, mountain west, central United States","intermediate homeless rates, average housing costs"
ny-608,ny,608,kingston/ulster county coc,179710,411,0.27,31.5345405,6.859898248,2,"New England, Florida, mountain west, central United States","intermediate homeless rates, average housing costs"
oh-500,oh,500,cincinnati/hamilton county coc,811574,1162,0.15,27.18368749,8.628708039,2,"New England, Florida, mountain west, central United States","intermediate homeless rates, average housing costs"
oh-501,oh,501,toledo/lucas county coc,433339,499,0.13,22.596170269999998,9.470608002,2,"New England, Florida, mountain west, central United States","intermediate homeless rates, average housing costs"
oh-502,oh,502,cleveland/cuyahoga county coc,1254231,1727,0.15,24.78631925,8.797200136,2,"New England, Florida, mountain west, central United States","intermediate homeless rates, average housing costs"
oh-503,oh,503,columbus/franklin county coc,1289308,1691,0.14,25.76346723,7.904503033,1,"midwest, mid-Atlantic, southeast","low homeless rates, modest housing costs"
oh-504,oh,504,youngstown/mahoning county coc,231480,262,0.12,23.6747751,8.237534796,1,"midwest, mid-Atlantic, southeast","low homeless rates, modest housing costs"
oh-505,oh,505,dayton/kettering/montgomery county coc,536021,619,0.13,22.00641183,8.515829218,2,"New England, Florida, mountain west, central United States","intermediate homeless rates, average housing costs"
oh-506,oh,506,akron/barberton/summit county coc,540897,507,0.11,23.37741904,6.213882377,2,"New England, Florida, mountain west, central United States","intermediate homeless rates, average housing costs"
oh-507,oh,507,ohio balance of state coc,6126510,3309,0.06,24.72403303,5.971279161,1,"midwest, mid-Atlantic, southeast","low homeless rates, modest housing costs"
oh-508,oh,508,canton/massillon/alliance/stark county coc,374545,319,0.1,21.56691199,5.509345016,1,"midwest, mid-Atlantic, southeast","low homeless rates, modest housing costs"
ok-500,ok,500,north central oklahoma coc,314750,192,0.07,26.59808119,8.273557248,1,"midwest, mid-Atlantic, southeast","low homeless rates, modest housing costs"
ok-501,ok,501,tulsa city & county/broken arrow coc,690290,1074,0.17,24.46983558,7.31238471,2,"New England, Florida, mountain west, central United States","intermediate homeless rates, average housing costs"
ok-502,ok,502,oklahoma city coc,629187,1368,0.25,25.59755011,7.304306756,2,"New England, Florida, mountain west, central United States","intermediate homeless rates, average housing costs"
ok-503,ok,503,oklahoma balance of state coc,669481,432,0.07,22.43026398,5.921418301,1,"midwest, mid-Atlantic, southeast","low homeless rates, modest housing costs"
ok-504,ok,504,norman/cleveland county coc,202712,174,0.12,26.16331588,7.41385733,2,"New England, Florida, mountain west, central United States","intermediate homeless rates, average housing costs"
ok-505,ok,505,northeast oklahoma coc,441778,377,0.11,27.26792362,7.17437502,1,"midwest, mid-Atlantic, southeast","low homeless rates, modest housing costs"
ok-506,ok,506,southwest oklahoma regional coc,407894,231,0.06,21.46003711,7.116878392,1,"midwest, mid-Atlantic, southeast","low homeless rates, modest housing costs"
ok-507,ok,507,southeastern oklahoma regional coc,540654,351,0.1,25.93104096,7.732901673,1,"midwest, mid-Atlantic, southeast","low homeless rates, modest housing costs"
or-500,or,500,eugene/springfield/lane county coc,363486,1529,0.57,32.26824611,9.03904815,3,"west coast, east coast large metropolitan areas","high homeless rates, high housing costs"
or-501,or,501,portland-gresham-multnomah county coc,787968,4177,0.65,36.6731248,7.856584934,3,"west coast, east coast large metropolitan areas","high homeless rates, high housing costs"
or-502,or,502,medford/ashland/jackson county coc,213469,633,0.41,37.92912457,6.925191952,3,"west coast, east coast large metropolitan areas","high homeless rates, high housing costs"
or-503,or,503,central oregon coc,219265,778,0.46,34.8840528,5.966821225,3,"west coast, east coast large metropolitan areas","high homeless rates, high housing costs"
or-505,or,505,oregon balance of state coc,1468651,5795,0.57,33.21585317,7.307823369,3,"west coast, east coast large metropolitan areas","high homeless rates, high housing costs"
or-506,or,506,hillsboro/beaverton/washington county coc,571966,544,0.14,30.34842181,4.472491077,2,"New England, Florida, mountain west, central United States","intermediate homeless rates, average housing costs"
or-507,or,507,clackamas county coc,400496,497,0.2,34.14353625,3.778459907,2,"New England, Florida, mountain west, central United States","intermediate homeless rates, average housing costs"
pa-500,pa,500,philadelphia coc,1564804,5693,0.4,35.92741346,11.92631368,2,"New England, Florida, mountain west, central United States","intermediate homeless rates, average housing costs"
pa-501,pa,501,harrisburg/dauphin county coc,272830,460,0.19,25.56938102,6.865319768,2,"New England, Florida, mountain west, central United States","intermediate homeless rates, average housing costs"
pa-502,pa,502,upper darby/chester/haverford/delaware county coc,562949,453,0.09,24.42209774,5.111876558,1,"midwest, mid-Atlantic, southeast","low homeless rates, modest housing costs"
pa-503,pa,503,wilkes-barre/hazleton/luzerne county coc,317739,174,0.06,22.27772143,7.002804217,1,"midwest, mid-Atlantic, southeast","low homeless rates, modest housing costs"
pa-504,pa,504,lower marion/norristown/abington/montgomery county coc,818782,310,0.04,25.76356561,2.833634866,1,"midwest, mid-Atlantic, southeast","low homeless rates, modest housing costs"
pa-505,pa,505,chester county coc,514259,578,0.12,25.27885917,3.462612308,2,"New England, Florida, mountain west, central United States","intermediate homeless rates, average housing costs"
pa-506,pa,506,reading/berks county coc,414229,534,0.14,26.30109851,6.653132389,1,"midwest, mid-Atlantic, southeast","low homeless rates, modest housing costs"
pa-508,pa,508,scranton/lackawanna county coc,212553,197,0.11,29.81854289,7.638282844,2,"New England, Florida, mountain west, central United States","intermediate homeless rates, average housing costs"
pa-509,pa,509,eastern pennsylvania coc,3104937,2170,0.08,25.98234094,5.248357932,1,"midwest, mid-Atlantic, southeast","low homeless rates, modest housing costs"
pa-510,pa,510,lancaster city & county coc,536004,321,0.07,23.34110341,4.349092298,1,"midwest, mid-Atlantic, southeast","low homeless rates, modest housing costs"
pa-511,pa,511,bristol/bensalem/bucks county coc,625857,511,0.09,26.66296814,2.605243084,1,"midwest, mid-Atlantic, southeast","low homeless rates, modest housing costs"
pa-512,pa,512,york city & county coc,441548,288,0.07,25.1888246,4.345084445,1,"midwest, mid-Atlantic, southeast","low homeless rates, modest housing costs"
pa-600,pa,600,pittsburgh/mckeesport/penn hills/allegheny county coc,1229575,1145,0.1,23.90929601,5.784191084,1,"midwest, mid-Atlantic, southeast","low homeless rates, modest housing costs"
pa-601,pa,601,western pennsylvania coc,1725296,837,0.05,24.15961851,5.332639393,1,"midwest, mid-Atlantic, southeast","low homeless rates, modest housing costs"
pa-603,pa,603,beaver county coc,168625,98,0.06,24.46785323,4.128413234,1,"midwest, mid-Atlantic, southeast","low homeless rates, modest housing costs"
pa-605,pa,605,erie city & county coc,278408,369,0.15,23.59202141,7.257898219,2,"New England, Florida, mountain west, central United States","intermediate homeless rates, average housing costs"
ri-500,ri,500,rhode island statewide coc,1055321,1180,0.12,31.47318396,5.725536719,1,"midwest, mid-Atlantic, southeast","low homeless rates, modest housing costs"
sc-500,sc,500,charleston/low country coc,1009228,425,0.05,33.11468077,6.160543784,1,"midwest, mid-Atlantic, southeast","low homeless rates, modest housing costs"
sc-501,sc,501,greenville/anderson/spartanburg upstate coc,1480081,1317,0.1,28.62972711,7.572206582,1,"midwest, mid-Atlantic, southeast","low homeless rates, modest housing costs"
sc-502,sc,502,columbia/midlands coc,1496796,1200,0.1,26.46630689,7.841640481,1,"midwest, mid-Atlantic, southeast","low homeless rates, modest housing costs"
sc-503,sc,503,myrtle beach/sumter city & county coc,905529,974,0.14,31.64320309,8.50875257,2,"New England, Florida, mountain west, central United States","intermediate homeless rates, average housing costs"
sd-500,sd,500,south dakota statewide coc,858926,943,0.12,27.48951771,6.542297137,1,"midwest, mid-Atlantic, southeast","low homeless rates, modest housing costs"
tn-500,tn,500,chattanooga/southeast tennessee coc,684710,576,0.11,25.91868856,6.569242846,1,"midwest, mid-Atlantic, southeast","low homeless rates, modest housing costs"
tn-501,tn,501,memphis/shelby county coc,936230,1426,0.17,21.8683848,10.2584447,2,"New England, Florida, mountain west, central United States","intermediate homeless rates, average housing costs"
tn-502,tn,502,knoxville/knox county coc,451980,812,0.2,26.13667772,8.077817785,2,"New England, Florida, mountain west, central United States","intermediate homeless rates, average housing costs"
tn-503,tn,503,central tennessee coc,1140959,285,0.03,23.80808996,5.536783224,5,"Southeast Arkansas, Houma-Terrebonne/Thibodaux (Louisiana), Central Tennessee","low homeless rates, high poverty rates"
tn-504,tn,504,nashville/davidson county coc,677264,2337,0.38,34.99977583,7.378915252,2,"New England, Florida, mountain west, central United States","intermediate homeless rates, average housing costs"
tn-506,tn,506,oak ridge/upper cumberland coc,567870,252,0.07,26.62908003,7.263415152,1,"midwest, mid-Atlantic, southeast","low homeless rates, modest housing costs"
tn-507,tn,507,jackson/west tennessee coc,668662,1103,0.24,24.01033632,8.231763192,2,"New England, Florida, mountain west, central United States","intermediate homeless rates, average housing costs"
tn-509,tn,509,appalachian regional coc,506973,450,0.1,25.89801901,7.074825637,1,"midwest, mid-Atlantic, southeast","low homeless rates, modest housing costs"
tn-510,tn,510,murfreesboro/rutherford county coc,298020,316,0.13,26.92333986,5.562207261,1,"midwest, mid-Atlantic, southeast","low homeless rates, modest housing costs"
tn-512,tn,512,"morristown/blount, sevier, campbell, cocke counties coc",663735,752,0.13,27.62177995,7.151026495,1,"midwest, mid-Atlantic, southeast","low homeless rates, modest housing costs"
tx-500,tx,500,san antonio/bexar county coc,1919847,2743,0.18,27.06298021,6.92212051,2,"New England, Florida, mountain west, central United States","intermediate homeless rates, average housing costs"
tx-503,tx,503,austin/travis county coc,1250891,2036,0.2,30.68797773,6.644735507,2,"New England, Florida, mountain west, central United States","intermediate homeless rates, average housing costs"
tx-600,tx,600,dallas city & county/irving coc,3684054,3789,0.11,29.11044764,5.569839872,1,"midwest, mid-Atlantic, southeast","low homeless rates, modest housing costs"
tx-601,tx,601,fort worth/arlington/tarrant county coc,2090799,1941,0.1,25.82756817,5.607844321,2,"New England, Florida, mountain west, central United States","intermediate homeless rates, average housing costs"
tx-603,tx,603,el paso city & county coc,836089,1193,0.17,27.2757684,7.81013598,2,"New England, Florida, mountain west, central United States","intermediate homeless rates, average housing costs"
tx-604,tx,604,waco/mclennan county coc,358285,221,0.07,29.58813936,8.238012801,1,"midwest, mid-Atlantic, southeast","low homeless rates, modest housing costs"
tx-607,tx,607,texas balance of state (bos) coc,10634996,7153,0.1,29.33543419,7.566767741,2,"New England, Florida, mountain west, central United States","intermediate homeless rates, average housing costs"
tx-611,tx,611,amarillo coc,189080,531,0.3,27.27298292,6.820971912,2,"New England, Florida, mountain west, central United States","intermediate homeless rates, average housing costs"
tx-624,tx,624,"wichita falls/wise, palo pinto, wichita, archer counties coc",330725,234,0.08,27.68082385,6.706393037,1,"midwest, mid-Atlantic, southeast","low homeless rates, modest housing costs"
tx-700,tx,700,"houston, pasadena, conroe/harris, ft. bend, montgomery, counties coc",5748292,3605,0.08,27.77445999,6.008384899,2,"New England, Florida, mountain west, central United States","intermediate homeless rates, average housing costs"
tx-701,tx,701,bryan/college station/brazos valley coc,331198,102,0.04,36.67060232,11.95563788,1,"midwest, mid-Atlantic, southeast","low homeless rates, modest housing costs"
ut-500,ut,500,salt lake city & county coc,1111517,2047,0.2,26.55003067,4.607886147,2,"New England, Florida, mountain west, central United States","intermediate homeless rates, average housing costs"
ut-503,ut,503,utah balance of state coc,1242374,634,0.06,24.86362073,4.863504349,1,"midwest, mid-Atlantic, southeast","low homeless rates, modest housing costs"
ut-504,ut,504,provo/mountainland coc,639584,171,0.04,25.20334129,5.239558529,1,"midwest, mid-Atlantic, southeast","low homeless rates, modest housing costs"
va-500,va,500,"richmond/henrico, chesterfield, hanover counties coc",1061547,662,0.07,24.25926198,5.757661521,1,"midwest, mid-Atlantic, southeast","low homeless rates, modest housing costs"
va-501,va,501,"norfolk/chesapeake/suffolk/isle of wright, southampton counties coc",632576,703,0.13,27.36788771,6.955189821,1,"midwest, mid-Atlantic, southeast","low homeless rates, modest housing costs"
va-502,va,502,roanoke city & county/salem coc,278757,267,0.11,26.44097672,6.048795955,2,"New England, Florida, mountain west, central United States","intermediate homeless rates, average housing costs"
va-503,va,503,virginia beach coc,451176,349,0.09,26.61012251,3.68726777,1,"midwest, mid-Atlantic, southeast","low homeless rates, modest housing costs"
va-504,va,504,charlottesville coc,246286,160,0.07,27.31420509,7.969061847,1,"midwest, mid-Atlantic, southeast","low homeless rates, modest housing costs"
va-505,va,505,newport news/hampton/virginia peninsula coc,486161,512,0.11,26.09429578,6.640767457,2,"New England, Florida, mountain west, central United States","intermediate homeless rates, average housing costs"
va-507,va,507,portsmouth coc,96007,151,0.18,29.76584547,9.409123422,2,"New England, Florida, mountain west, central United States","intermediate homeless rates, average housing costs"
va-508,va,508,lynchburg coc,259135,125,0.06,26.86328757,7.58097291,1,"midwest, mid-Atlantic, southeast","low homeless rates, modest housing costs"
va-513,va,513,"harrisburg, winchester/western virginia coc",362584,280,0.09,26.66110528,6.645254391,1,"midwest, mid-Atlantic, southeast","low homeless rates, modest housing costs"
va-514,va,514,"fredericksburg/spotsylvania, stafford counties coc",356451,216,0.08,22.52355355,3.640451088,1,"midwest, mid-Atlantic, southeast","low homeless rates, modest housing costs"
va-521,va,521,virginia balance of state (bos) coc,1695332,722,0.05,30.66970524,7.15141313,1,"midwest, mid-Atlantic, southeast","low homeless rates, modest housing costs"
va-600,va,600,arlington county coc,228239,232,0.13,27.47834291,4.306756493,2,"New England, Florida, mountain west, central United States","intermediate homeless rates, average housing costs"
va-601,va,601,fairfax county coc,1174776,964,0.09,24.28661774,2.8762275920000002,2,"New England, Florida, mountain west, central United States","intermediate homeless rates, average housing costs"
va-602,va,602,loudoun county coc,373741,113,0.04,21.36245597,1.823169549,1,"midwest, mid-Atlantic, southeast","low homeless rates, modest housing costs"
va-603,va,603,city of alexandria coc,153631,211,0.16,26.21272097,4.645285586,2,"New England, Florida, mountain west, central United States","intermediate homeless rates, average housing costs"
va-604,va,604,prince william county coc,507573,400,0.09,24.34965348,3.612898443,2,"New England, Florida, mountain west, central United States","intermediate homeless rates, average housing costs"
vt-500,vt,500,vermont balance of state coc,464585,934,0.22,36.74187508,5.073593855,2,"New England, Florida, mountain west, central United States","intermediate homeless rates, average housing costs"
vt-501,vt,501,burlington/chittenden county coc,161309,291,0.21,35.58340155,5.848736183,2,"New England, Florida, mountain west, central United States","intermediate homeless rates, average housing costs"
wa-500,wa,500,seattle/king county coc,2119230,11643,0.65,34.24083742,4.973248833,3,"west coast, east coast large metropolitan areas","high homeless rates, high housing costs"
wa-501,wa,501,washington balance of state coc,2228592,4671,0.25,29.18699101,6.584957233,2,"New England, Florida, mountain west, central United States","intermediate homeless rates, average housing costs"
wa-502,wa,502,spokane city & county coc,490886,1090,0.25,26.18229506,7.000483799,2,"New England, Florida, mountain west, central United States","intermediate homeless rates, average housing costs"
wa-503,wa,503,tacoma/lakewood/pierce county coc,837954,1321,0.17,29.74546467,5.936363371,2,"New England, Florida, mountain west, central United States","intermediate homeless rates, average housing costs"
wa-504,wa,504,everett/snohomish county coc,770645,1066,0.17,30.60216019,4.134543082,2,"New England, Florida, mountain west, central United States","intermediate homeless rates, average housing costs"
wa-507,wa,507,yakima city & county coc,247954,572,0.25,29.28417974,7.766817568,2,"New England, Florida, mountain west, central United States","intermediate homeless rates, average housing costs"
wa-508,wa,508,vancouver/clark county coc,465567,749,0.18,30.03273732,3.888665285,2,"New England, Florida, mountain west, central United States","intermediate homeless rates, average housing costs"
wi-500,wi,500,wisconsin balance of state coc,4094517,3348,0.09,23.44499667,4.308675525,1,"midwest, mid-Atlantic, southeast","low homeless rates, modest housing costs"
wi-501,wi,501,milwaukee city & county coc,954673,900,0.11,25.93125417,9.366356568,2,"New England, Florida, mountain west, central United States","intermediate homeless rates, average housing costs"
wi-502,wi,502,racine city & county coc,194851,194,0.11,28.03079356,5.101718698,1,"midwest, mid-Atlantic, southeast","low homeless rates, modest housing costs"
wi-503,wi,503,madison/dane county coc,523438,585,0.12,28.30280757,5.995310064,2,"New England, Florida, mountain west, central United States","intermediate homeless rates, average housing costs"
wv-500,wv,500,wheeling/weirton area coc,143954,118,0.09,24.92377879,7.072698617,1,"midwest, mid-Atlantic, southeast","low homeless rates, modest housing costs"
wv-501,wv,501,"huntington/cabell, wayne counties coc",137397,205,0.17,30.79294128,9.696252318,2,"New England, Florida, mountain west, central United States","intermediate homeless rates, average housing costs"
wv-503,wv,503,"charleston/kanawha, putnam, boone, clay counties coc",277596,319,0.13,25.34177847,6.756644708,2,"New England, Florida, mountain west, central United States","intermediate homeless rates, average housing costs"
wv-508,wv,508,west virginia balance of state coc,1281817,667,0.07,25.34673848,7.949569324,2,"New England, Florida, mountain west, central United States","intermediate homeless rates, average housing costs"
wy-500,wy,500,wyoming statewide coc,586379,873,0.16,22.8485562,4.815775144,2,"New England, Florida, mountain west, central United States","intermediate homeless rates, average housing costs"
